{
  "test_loss": 0.7761496901512146,
  "test_accuracy": 0.7403314709663391,
  "accuracy": 0.7403314917127072,
  "macro_f1": 0.7409713863372399,
  "weighted_f1": 0.7451394224066371,
  "window_sec": 0.8,
  "hop_sec": 0.35,
  "support": 181,
  "bottle_1000_precision": 0.8461538461538461,
  "bottle_1000_recall": 0.6470588235294118,
  "bottle_1000_f1": 0.7333333333333333,
  "bottle_500_precision": 1.0,
  "bottle_500_recall": 0.76,
  "bottle_500_f1": 0.8636363636363636,
  "bottle_can_330_precision": 0.5510204081632653,
  "bottle_can_330_recall": 0.8181818181818182,
  "bottle_can_330_f1": 0.6585365853658537,
  "bottle_can_500_precision": 0.6944444444444444,
  "bottle_can_500_recall": 0.6097560975609756,
  "bottle_can_500_f1": 0.6493506493506493,
  "error_precision": 0.6875,
  "error_recall": 0.9565217391304348,
  "error_f1": 0.8
}