{
  "test_loss": 0.5483576655387878,
  "test_accuracy": 0.7900552749633789,
  "accuracy": 0.7900552486187845,
  "macro_f1": 0.7819468403450097,
  "weighted_f1": 0.7942201444963876,
  "window_sec": 0.8,
  "hop_sec": 0.35,
  "support": 181,
  "bottle_1000_precision": 0.8064516129032258,
  "bottle_1000_recall": 0.7352941176470589,
  "bottle_1000_f1": 0.7692307692307693,
  "bottle_500_precision": 1.0,
  "bottle_500_recall": 0.9,
  "bottle_500_f1": 0.9473684210526315,
  "bottle_can_330_precision": 0.5957446808510638,
  "bottle_can_330_recall": 0.8484848484848485,
  "bottle_can_330_f1": 0.7,
  "bottle_can_500_precision": 0.7714285714285715,
  "bottle_can_500_recall": 0.6585365853658537,
  "bottle_can_500_f1": 0.7105263157894737,
  "error_precision": 0.782608695652174,
  "error_recall": 0.782608695652174,
  "error_f1": 0.782608695652174
}